resultId,raceId,driverId,constructorId,number,grid,position,positionText,positionOrder,points,laps,time,milliseconds,fastestLap,rank,fastestLapTime,fastestLapSpeed,statusId,year,round,circuitId,name,date,time_right,url,fp1_date,fp1_time,fp2_date,fp2_time,fp3_date,fp3_time,quali_date,quali_time,sprint_date,sprint_time
289,32,4,4,5,15,1,1,1,10.0,61,1:57:16.304,7036304,55,3,1:45.768,172.464,1,2008,15,15,Singapore Grand Prix,2008-09-28,12:00:00,http://en.wikipedia.org/wiki/2008_Singapore_Grand_Prix,\N,\N,\N,\N,\N,\N,\N,\N,\N,\N
291,32,1,1,22,2,3,3,3,6.0,61,+5.917,7042221,14,4,1:46.072,171.969,1,2008,15,15,Singapore Grand Prix,2008-09-28,12:00:00,http://en.wikipedia.org/wiki/2008_Singapore_Grand_Prix,\N,\N,\N,\N,\N,\N,\N,\N,\N,\N
7814,14,1,1,1,1,1,1,1,10.0,61,1:56:06.337,6966337,36,2,1:48.345,168.561,1,2009,14,15,Singapore Grand Prix,2009-09-27,12:00:00,http://en.wikipedia.org/wiki/2009_Singapore_Grand_Prix,\N,\N,\N,\N,\N,\N,\N,\N,\N,\N
7816,14,4,4,7,5,3,3,3,6.0,61,+16.624,6982961,53,1,1:48.240,168.725,1,2009,14,15,Singapore Grand Prix,2009-09-27,12:00:00,http://en.wikipedia.org/wiki/2009_Singapore_Grand_Prix,\N,\N,\N,\N,\N,\N,\N,\N,\N,\N
20659,351,4,6,8,1,1,1,1,25.0,61,1:57:53.579,7073579,58,1,1:47.976,169.137,1,2010,15,15,Singapore Grand Prix,2010-09-26,12:00:00,http://en.wikipedia.org/wiki/2010_Singapore_Grand_Prix,\N,\N,\N,\N,\N,\N,\N,\N,\N,\N
20668,351,807,3,10,17,10,10,10,1.0,61,+2:12.791,7206370,45,13,1:52.213,162.751,1,2010,15,15,Singapore Grand Prix,2010-09-26,12:00:00,http://en.wikipedia.org/wiki/2010_Singapore_Grand_Prix,\N,\N,\N,\N,\N,\N,\N,\N,\N,\N
20677,351,1,1,2,3,\N,R,19,0.0,35,\N,\N,31,10,1:50.750,164.901,4,2010,15,15,Singapore Grand Prix,2010-09-26,12:00:00,http://en.wikipedia.org/wiki/2010_Singapore_Grand_Prix,\N,\N,\N,\N,\N,\N,\N,\N,\N,\N
21091,854,4,6,5,5,4,4,4,12.0,61,+55.449,7202206,58,5,1:50.891,164.691,1,2011,14,15,Singapore Grand Prix,2011-09-25,12:00:00,http://en.wikipedia.org/wiki/2011_Singapore_Grand_Prix,\N,\N,\N,\N,\N,\N,\N,\N,\N,\N
21092,854,1,1,3,4,5,5,5,10.0,61,+1:07.766,7214523,54,4,1:50.832,164.779,1,2011,14,15,Singapore Grand Prix,2011-09-25,12:00:00,http://en.wikipedia.org/wiki/2011_Singapore_Grand_Prix,\N,\N,\N,\N,\N,\N,\N,\N,\N,\N
21097,854,815,15,17,11,10,10,10,1.0,60,\N,\N,42,18,1:54.615,159.340,11,2011,14,15,Singapore Grand Prix,2011-09-25,12:00:00,http://en.wikipedia.org/wiki/2011_Singapore_Grand_Prix,\N,\N,\N,\N,\N,\N,\N,\N,\N,\N
21106,854,817,164,22,23,19,19,19,0.0,57,\N,\N,40,23,1:59.064,153.386,14,2011,14,15,Singapore Grand Prix,2011-09-25,12:00:00,http://en.wikipedia.org/wiki/2011_Singapore_Grand_Prix,\N,\N,\N,\N,\N,\N,\N,\N,\N,\N
21546,873,4,6,5,5,3,3,3,15.0,59,+15.227,7241371,53,5,1:52.709,162.034,1,2012,14,15,Singapore Grand Prix,2012-09-23,12:00:00,http://en.wikipedia.org/wiki/2012_Singapore_Grand_Prix,\N,\N,\N,\N,\N,\N,\N,\N,\N,\N
21552,873,817,5,16,15,9,9,9,2.0,59,+45.820,7271964,53,15,1:54.267,159.825,1,2012,14,15,Singapore Grand Prix,2012-09-23,12:00:00,http://en.wikipedia.org/wiki/2012_Singapore_Grand_Prix,\N,\N,\N,\N,\N,\N,\N,\N,\N,\N
21553,873,815,15,15,14,10,10,10,1.0,59,+50.619,7276763,51,6,1:52.778,161.935,1,2012,14,15,Singapore Grand Prix,2012-09-23,12:00:00,http://en.wikipedia.org/wiki/2012_Singapore_Grand_Prix,\N,\N,\N,\N,\N,\N,\N,\N,\N,\N
21557,873,807,10,12,11,14,14,14,0.0,59,+99.413,7325557,52,1,1:51.033,164.480,1,2012,14,15,Singapore Grand Prix,2012-09-23,12:00:00,http://en.wikipedia.org/wiki/2012_Singapore_Grand_Prix,\N,\N,\N,\N,\N,\N,\N,\N,\N,\N
21567,873,1,1,4,1,\N,R,24,0.0,22,\N,\N,14,19,1:55.541,158.063,6,2012,14,15,Singapore Grand Prix,2012-09-23,12:00:00,http://en.wikipedia.org/wiki/2012_Singapore_Grand_Prix,\N,\N,\N,\N,\N,\N,\N,\N,\N,\N
21977,893,4,6,3,7,2,2,2,18.0,61,+32.627,7185759,44,11,1:51.082,164.149,1,2013,13,15,Singapore Grand Prix,2013-09-22,12:00:00,http://en.wikipedia.org/wiki/2013_Singapore_Grand_Prix,\N,\N,\N,\N,\N,\N,\N,\N,\N,\N
21980,893,1,131,10,5,5,5,5,10.0,61,+53.159,7206291,59,4,1:49.916,165.890,1,2013,13,15,Singapore Grand Prix,2013-09-22,12:00:00,http://en.wikipedia.org/wiki/2013_Singapore_Grand_Prix,\N,\N,\N,\N,\N,\N,\N,\N,\N,\N
21983,893,815,1,6,14,8,8,8,4.0,61,+1:23.820,7236952,46,16,1:51.926,162.911,1,2013,13,15,Singapore Grand Prix,2013-09-22,12:00:00,http://en.wikipedia.org/wiki/2013_Singapore_Grand_Prix,\N,\N,\N,\N,\N,\N,\N,\N,\N,\N
21984,893,807,15,11,11,9,9,9,2.0,61,+1:24.261,7237393,47,18,1:52.186,162.533,1,2013,13,15,Singapore Grand Prix,2013-09-22,12:00:00,http://en.wikipedia.org/wiki/2013_Singapore_Grand_Prix,\N,\N,\N,\N,\N,\N,\N,\N,\N,\N
21988,893,822,3,17,16,13,13,13,0.0,61,+1:45.161,7258293,53,14,1:51.706,163.232,1,2013,13,15,Singapore Grand Prix,2013-09-22,12:00:00,http://en.wikipedia.org/wiki/2013_Singapore_Grand_Prix,\N,\N,\N,\N,\N,\N,\N,\N,\N,\N
21997,893,817,5,19,9,\N,R,22,0.0,23,\N,\N,23,22,1:53.052,161.288,3,2013,13,15,Singapore Grand Prix,2013-09-22,12:00:00,http://en.wikipedia.org/wiki/2013_Singapore_Grand_Prix,\N,\N,\N,\N,\N,\N,\N,\N,\N,\N
22417,913,1,131,44,1,1,1,1,25.0,60,2:00:04.795,7204795,39,1,1:50.417,165.137,1,2014,14,15,Singapore Grand Prix,2014-09-21,12:00:00,http://en.wikipedia.org/wiki/2014_Singapore_Grand_Prix,\N,\N,\N,\N,\N,\N,\N,\N,\N,\N
22419,913,817,9,3,3,3,3,3,15.0,60,+14.273,7219068,30,9,1:52.569,161.980,1,2014,14,15,Singapore Grand Prix,2014-09-21,12:00:00,http://en.wikipedia.org/wiki/2014_Singapore_Grand_Prix,\N,\N,\N,\N,\N,\N,\N,\N,\N,\N
22420,913,4,6,14,5,4,4,4,12.0,60,+15.389,7220184,27,6,1:52.115,162.636,1,2014,14,15,Singapore Grand Prix,2014-09-21,12:00:00,http://en.wikipedia.org/wiki/2014_Singapore_Grand_Prix,\N,\N,\N,\N,\N,\N,\N,\N,\N,\N
22423,913,815,10,11,15,7,7,7,6.0,60,+59.038,7263833,46,5,1:52.007,162.793,1,2014,14,15,Singapore Grand Prix,2014-09-21,12:00:00,http://en.wikipedia.org/wiki/2014_Singapore_Grand_Prix,\N,\N,\N,\N,\N,\N,\N,\N,\N,\N
22425,913,807,10,27,13,9,9,9,2.0,60,+1:01.661,7266456,27,10,1:52.762,161.703,1,2014,14,15,Singapore Grand Prix,2014-09-21,12:00:00,http://en.wikipedia.org/wiki/2014_Singapore_Grand_Prix,\N,\N,\N,\N,\N,\N,\N,\N,\N,\N
22426,913,825,1,20,9,10,10,10,1.0,60,+1:02.230,7267025,48,2,1:51.639,163.330,1,2014,14,15,Singapore Grand Prix,2014-09-21,12:00:00,http://en.wikipedia.org/wiki/2014_Singapore_Grand_Prix,\N,\N,\N,\N,\N,\N,\N,\N,\N,\N
22427,913,822,3,77,8,11,11,11,0.0,60,+1:05.065,7269860,25,7,1:52.515,162.058,1,2014,14,15,Singapore Grand Prix,2014-09-21,12:00:00,http://en.wikipedia.org/wiki/2014_Singapore_Grand_Prix,\N,\N,\N,\N,\N,\N,\N,\N,\N,\N
22777,939,817,9,3,2,2,2,2,18.0,61,+1.478,7283596,52,1,1:50.041,165.701,1,2015,13,15,Singapore Grand Prix,2015-09-20,12:00:00,http://en.wikipedia.org/wiki/2015_Singapore_Grand_Prix,\N,\N,\N,\N,\N,\N,\N,\N,\N,\N
22780,939,822,3,77,7,5,5,5,10.0,61,+34.204,7316322,49,10,1:51.342,163.765,1,2015,13,15,Singapore Grand Prix,2015-09-20,12:00:00,http://en.wikipedia.org/wiki/2015_Singapore_Grand_Prix,\N,\N,\N,\N,\N,\N,\N,\N,\N,\N
22782,939,815,10,11,13,7,7,7,6.0,61,+50.836,7332954,44,12,1:51.970,162.847,1,2015,13,15,Singapore Grand Prix,2015-09-20,12:00:00,http://en.wikipedia.org/wiki/2015_Singapore_Grand_Prix,\N,\N,\N,\N,\N,\N,\N,\N,\N,\N
22783,939,830,5,33,8,8,8,8,4.0,61,+51.450,7333568,43,4,1:50.298,165.315,1,2015,13,15,Singapore Grand Prix,2015-09-20,12:00:00,http://en.wikipedia.org/wiki/2015_Singapore_Grand_Prix,\N,\N,\N,\N,\N,\N,\N,\N,\N,\N
22784,939,832,5,55,14,9,9,9,2.0,61,+52.860,7334978,43,6,1:50.401,165.161,1,2015,13,15,Singapore Grand Prix,2015-09-20,12:00:00,http://en.wikipedia.org/wiki/2015_Singapore_Grand_Prix,\N,\N,\N,\N,\N,\N,\N,\N,\N,\N
22792,939,4,1,14,12,\N,R,17,0.0,33,\N,\N,27,16,1:53.325,160.900,6,2015,13,15,Singapore Grand Prix,2015-09-20,12:00:00,http://en.wikipedia.org/wiki/2015_Singapore_Grand_Prix,\N,\N,\N,\N,\N,\N,\N,\N,\N,\N
22793,939,1,131,44,5,\N,R,18,0.0,32,\N,\N,24,14,1:52.505,162.072,37,2015,13,15,Singapore Grand Prix,2015-09-20,12:00:00,http://en.wikipedia.org/wiki/2015_Singapore_Grand_Prix,\N,\N,\N,\N,\N,\N,\N,\N,\N,\N
22795,939,807,10,27,11,\N,R,20,0.0,12,\N,\N,6,18,1:53.868,160.132,4,2015,13,15,Singapore Grand Prix,2015-09-20,12:00:00,http://en.wikipedia.org/wiki/2015_Singapore_Grand_Prix,\N,\N,\N,\N,\N,\N,\N,\N,\N,\N
23226,962,817,9,3,2,2,2,2,18.0,61,+0.488,6949438,49,1,1:47.187,170.113,1,2016,15,15,Singapore Grand Prix,2016-09-18,12:00:00,http://en.wikipedia.org/wiki/2016_Singapore_Grand_Prix,\N,\N,\N,\N,\N,\N,\N,\N,\N,\N
23227,962,1,131,44,3,3,3,3,15.0,61,+8.038,6956988,52,3,1:47.752,169.221,1,2016,15,15,Singapore Grand Prix,2016-09-18,12:00:00,http://en.wikipedia.org/wiki/2016_Singapore_Grand_Prix,\N,\N,\N,\N,\N,\N,\N,\N,\N,\N
23230,962,830,9,33,4,6,6,6,8.0,61,+1:11.197,7020147,46,5,1:49.050,167.207,1,2016,15,15,Singapore Grand Prix,2016-09-18,12:00:00,http://en.wikipedia.org/wiki/2016_Singapore_Grand_Prix,\N,\N,\N,\N,\N,\N,\N,\N,\N,\N
23231,962,4,1,14,9,7,7,7,6.0,61,+1:29.198,7038148,49,12,1:51.249,163.902,1,2016,15,15,Singapore Grand Prix,2016-09-18,12:00:00,http://en.wikipedia.org/wiki/2016_Singapore_Grand_Prix,\N,\N,\N,\N,\N,\N,\N,\N,\N,\N
23232,962,815,10,11,17,8,8,8,4.0,61,+1:51.062,7060012,34,15,1:51.517,163.508,1,2016,15,15,Singapore Grand Prix,2016-09-18,12:00:00,http://en.wikipedia.org/wiki/2016_Singapore_Grand_Prix,\N,\N,\N,\N,\N,\N,\N,\N,\N,\N
23234,962,825,4,20,15,10,10,10,1.0,61,+1:59.952,7068902,44,8,1:50.858,164.480,1,2016,15,15,Singapore Grand Prix,2016-09-18,12:00:00,http://en.wikipedia.org/wiki/2016_Singapore_Grand_Prix,\N,\N,\N,\N,\N,\N,\N,\N,\N,\N
23238,962,832,5,55,6,14,14,14,0.0,60,\N,\N,56,7,1:50.532,164.965,11,2016,15,15,Singapore Grand Prix,2016-09-18,12:00:00,http://en.wikipedia.org/wiki/2016_Singapore_Grand_Prix,\N,\N,\N,\N,\N,\N,\N,\N,\N,\N
23242,962,839,209,31,21,18,18,18,0.0,59,\N,\N,47,18,1:51.748,163.170,12,2016,15,15,Singapore Grand Prix,2016-09-18,12:00:00,http://en.wikipedia.org/wiki/2016_Singapore_Grand_Prix,\N,\N,\N,\N,\N,\N,\N,\N,\N,\N
23244,962,822,3,77,10,\N,R,20,0.0,35,\N,\N,17,13,1:51.368,163.727,25,2016,15,15,Singapore Grand Prix,2016-09-18,12:00:00,http://en.wikipedia.org/wiki/2016_Singapore_Grand_Prix,\N,\N,\N,\N,\N,\N,\N,\N,\N,\N
23245,962,807,10,27,8,\N,R,21,0.0,0,\N,\N,\N,0,\N,\N,4,2016,15,15,Singapore Grand Prix,2016-09-18,12:00:00,http://en.wikipedia.org/wiki/2016_Singapore_Grand_Prix,\N,\N,\N,\N,\N,\N,\N,\N,\N,\N
23642,982,1,131,44,5,1,1,1,25.0,58,2:03:23.544,7403544,55,1,1:45.008,173.643,1,2017,14,15,Singapore Grand Prix,2017-09-17,12:00:00,http://en.wikipedia.org/wiki/2017_Singapore_Grand_Prix,\N,\N,\N,\N,\N,\N,\N,\N,\N,\N
23643,982,817,9,3,3,2,2,2,18.0,58,+4.507,7408051,57,2,1:45.301,173.160,1,2017,14,15,Singapore Grand Prix,2017-09-17,12:00:00,http://en.wikipedia.org/wiki/2017_Singapore_Grand_Prix,\N,\N,\N,\N,\N,\N,\N,\N,\N,\N
23644,982,822,131,77,6,3,3,3,15.0,58,+8.800,7412344,54,3,1:45.405,172.989,1,2017,14,15,Singapore Grand Prix,2017-09-17,12:00:00,http://en.wikipedia.org/wiki/2017_Singapore_Grand_Prix,\N,\N,\N,\N,\N,\N,\N,\N,\N,\N
23645,982,832,5,55,10,4,4,4,12.0,58,+22.822,7426366,52,4,1:46.537,171.151,1,2017,14,15,Singapore Grand Prix,2017-09-17,12:00:00,http://en.wikipedia.org/wiki/2017_Singapore_Grand_Prix,\N,\N,\N,\N,\N,\N,\N,\N,\N,\N
23646,982,815,10,11,12,5,5,5,10.0,58,+25.359,7428903,52,7,1:46.731,170.840,1,2017,14,15,Singapore Grand Prix,2017-09-17,12:00:00,http://en.wikipedia.org/wiki/2017_Singapore_Grand_Prix,\N,\N,\N,\N,\N,\N,\N,\N,\N,\N
23649,982,840,3,18,18,8,8,8,4.0,58,+41.696,7445240,55,9,1:47.512,169.599,1,2017,14,15,Singapore Grand Prix,2017-09-17,12:00:00,http://en.wikipedia.org/wiki/2017_Singapore_Grand_Prix,\N,\N,\N,\N,\N,\N,\N,\N,\N,\N
23651,982,839,10,31,14,10,10,10,1.0,58,+44.795,7448339,52,12,1:47.677,169.339,1,2017,14,15,Singapore Grand Prix,2017-09-17,12:00:00,http://en.wikipedia.org/wiki/2017_Singapore_Grand_Prix,\N,\N,\N,\N,\N,\N,\N,\N,\N,\N
23654,982,825,210,20,16,\N,R,13,0.0,50,\N,\N,44,10,1:47.585,169.484,5,2017,14,15,Singapore Grand Prix,2017-09-17,12:00:00,http://en.wikipedia.org/wiki/2017_Singapore_Grand_Prix,\N,\N,\N,\N,\N,\N,\N,\N,\N,\N
23655,982,807,4,27,7,\N,R,14,0.0,48,\N,\N,37,13,1:48.011,168.816,5,2017,14,15,Singapore Grand Prix,2017-09-17,12:00:00,http://en.wikipedia.org/wiki/2017_Singapore_Grand_Prix,\N,\N,\N,\N,\N,\N,\N,\N,\N,\N
23658,982,4,1,14,8,\N,R,17,0.0,8,\N,\N,6,17,2:13.579,136.503,130,2017,14,15,Singapore Grand Prix,2017-09-17,12:00:00,http://en.wikipedia.org/wiki/2017_Singapore_Grand_Prix,\N,\N,\N,\N,\N,\N,\N,\N,\N,\N
23660,982,830,9,33,2,\N,R,19,0.0,0,\N,\N,\N,0,\N,\N,3,2017,14,15,Singapore Grand Prix,2017-09-17,12:00:00,http://en.wikipedia.org/wiki/2017_Singapore_Grand_Prix,\N,\N,\N,\N,\N,\N,\N,\N,\N,\N
24063,1003,1,131,44,1,1,1,1,25.0,61,1:51:11.611,6671611,56,2,1:42.913,177.108,1,2018,15,15,Singapore Grand Prix,2018-09-16,12:10:00,http://en.wikipedia.org/wiki/2018_Singapore_Grand_Prix,\N,\N,\N,\N,\N,\N,\N,\N,\N,\N
24064,1003,830,9,33,2,2,2,2,18.0,61,+8.961,6680572,54,5,1:43.345,176.368,1,2018,15,15,Singapore Grand Prix,2018-09-16,12:10:00,http://en.wikipedia.org/wiki/2018_Singapore_Grand_Prix,\N,\N,\N,\N,\N,\N,\N,\N,\N,\N
24066,1003,822,131,77,4,4,4,4,12.0,61,+51.930,6723541,42,8,1:44.720,174.052,1,2018,15,15,Singapore Grand Prix,2018-09-16,12:10:00,http://en.wikipedia.org/wiki/2018_Singapore_Grand_Prix,\N,\N,\N,\N,\N,\N,\N,\N,\N,\N
24068,1003,817,9,3,6,6,6,6,8.0,61,+53.982,6725593,59,3,1:43.120,176.753,1,2018,15,15,Singapore Grand Prix,2018-09-16,12:10:00,http://en.wikipedia.org/wiki/2018_Singapore_Grand_Prix,\N,\N,\N,\N,\N,\N,\N,\N,\N,\N
24069,1003,4,1,14,11,7,7,7,6.0,61,+1:43.001,6774612,57,4,1:43.164,176.677,1,2018,15,15,Singapore Grand Prix,2018-09-16,12:10:00,http://en.wikipedia.org/wiki/2018_Singapore_Grand_Prix,\N,\N,\N,\N,\N,\N,\N,\N,\N,\N
24070,1003,832,4,55,12,8,8,8,4.0,60,\N,\N,50,12,1:45.211,173.240,11,2018,15,15,Singapore Grand Prix,2018-09-16,12:10:00,http://en.wikipedia.org/wiki/2018_Singapore_Grand_Prix,\N,\N,\N,\N,\N,\N,\N,\N,\N,\N
24071,1003,844,15,16,13,9,9,9,2.0,60,\N,\N,57,11,1:45.203,173.253,11,2018,15,15,Singapore Grand Prix,2018-09-16,12:10:00,http://en.wikipedia.org/wiki/2018_Singapore_Grand_Prix,\N,\N,\N,\N,\N,\N,\N,\N,\N,\N
24072,1003,807,4,27,10,10,10,10,1.0,60,\N,\N,53,19,1:46.093,171.800,11,2018,15,15,Singapore Grand Prix,2018-09-16,12:10:00,http://en.wikipedia.org/wiki/2018_Singapore_Grand_Prix,\N,\N,\N,\N,\N,\N,\N,\N,\N,\N
24075,1003,842,5,10,15,13,13,13,0.0,60,\N,\N,56,18,1:46.063,171.848,11,2018,15,15,Singapore Grand Prix,2018-09-16,12:10:00,http://en.wikipedia.org/wiki/2018_Singapore_Grand_Prix,\N,\N,\N,\N,\N,\N,\N,\N,\N,\N
24076,1003,840,3,18,20,14,14,14,0.0,60,\N,\N,53,17,1:46.033,171.897,11,2018,15,15,Singapore Grand Prix,2018-09-16,12:10:00,http://en.wikipedia.org/wiki/2018_Singapore_Grand_Prix,\N,\N,\N,\N,\N,\N,\N,\N,\N,\N
24078,1003,815,10,11,7,16,16,16,0.0,60,\N,\N,48,13,1:45.389,172.947,11,2018,15,15,Singapore Grand Prix,2018-09-16,12:10:00,http://en.wikipedia.org/wiki/2018_Singapore_Grand_Prix,\N,\N,\N,\N,\N,\N,\N,\N,\N,\N
24080,1003,825,210,20,16,18,18,18,0.0,59,\N,\N,50,1,1:41.905,178.860,12,2018,15,15,Singapore Grand Prix,2018-09-16,12:10:00,http://en.wikipedia.org/wiki/2018_Singapore_Grand_Prix,\N,\N,\N,\N,\N,\N,\N,\N,\N,\N
24082,1003,839,10,31,9,\N,R,20,0.0,0,\N,\N,\N,0,\N,\N,4,2018,15,15,Singapore Grand Prix,2018-09-16,12:10:00,http://en.wikipedia.org/wiki/2018_Singapore_Grand_Prix,\N,\N,\N,\N,\N,\N,\N,\N,\N,\N
24487,1024,844,6,16,1,2,2,2,18.0,61,+2.641,7116308,59,4,1:44.723,174.047,1,2019,15,15,Singapore Grand Prix,2019-09-22,12:10:00,http://en.wikipedia.org/wiki/2019_Singapore_Grand_Prix,\N,\N,\N,\N,\N,\N,\N,\N,\N,\N
24488,1024,830,9,33,4,3,3,3,15.0,61,+3.821,7117488,56,8,1:45.176,173.298,1,2019,15,15,Singapore Grand Prix,2019-09-22,12:10:00,http://en.wikipedia.org/wiki/2019_Singapore_Grand_Prix,\N,\N,\N,\N,\N,\N,\N,\N,\N,\N
24489,1024,1,131,44,2,4,4,4,12.0,61,+4.608,7118275,58,7,1:44.914,173.730,1,2019,15,15,Singapore Grand Prix,2019-09-22,12:10:00,http://en.wikipedia.org/wiki/2019_Singapore_Grand_Prix,\N,\N,\N,\N,\N,\N,\N,\N,\N,\N
24490,1024,822,131,77,5,5,5,5,10.0,61,+6.119,7119786,58,2,1:43.534,176.046,1,2019,15,15,Singapore Grand Prix,2019-09-22,12:10:00,http://en.wikipedia.org/wiki/2019_Singapore_Grand_Prix,\N,\N,\N,\N,\N,\N,\N,\N,\N,\N
24491,1024,848,9,23,6,6,6,6,8.0,61,+11.663,7125330,59,9,1:45.260,173.159,1,2019,15,15,Singapore Grand Prix,2019-09-22,12:10:00,http://en.wikipedia.org/wiki/2019_Singapore_Grand_Prix,\N,\N,\N,\N,\N,\N,\N,\N,\N,\N
24492,1024,846,1,4,9,7,7,7,6.0,61,+14.769,7128436,58,11,1:45.716,172.412,1,2019,15,15,Singapore Grand Prix,2019-09-22,12:10:00,http://en.wikipedia.org/wiki/2019_Singapore_Grand_Prix,\N,\N,\N,\N,\N,\N,\N,\N,\N,\N
24493,1024,842,5,10,11,8,8,8,4.0,61,+15.547,7129214,58,13,1:45.769,172.326,1,2019,15,15,Singapore Grand Prix,2019-09-22,12:10:00,http://en.wikipedia.org/wiki/2019_Singapore_Grand_Prix,\N,\N,\N,\N,\N,\N,\N,\N,\N,\N
24494,1024,807,4,27,8,9,9,9,2.0,61,+16.718,7130385,59,12,1:45.765,172.333,1,2019,15,15,Singapore Grand Prix,2019-09-22,12:10:00,http://en.wikipedia.org/wiki/2019_Singapore_Grand_Prix,\N,\N,\N,\N,\N,\N,\N,\N,\N,\N
24497,1024,832,1,55,7,12,12,12,0.0,61,+35.974,7149641,41,15,1:45.969,172.001,1,2019,15,15,Singapore Grand Prix,2019-09-22,12:10:00,http://en.wikipedia.org/wiki/2019_Singapore_Grand_Prix,\N,\N,\N,\N,\N,\N,\N,\N,\N,\N
24498,1024,840,211,18,16,13,13,13,0.0,61,+36.419,7150086,57,6,1:44.896,173.760,1,2019,15,15,Singapore Grand Prix,2019-09-22,12:10:00,http://en.wikipedia.org/wiki/2019_Singapore_Grand_Prix,\N,\N,\N,\N,\N,\N,\N,\N,\N,\N
24499,1024,817,4,3,20,14,14,14,0.0,61,+37.660,7151327,55,14,1:45.915,172.088,1,2019,15,15,Singapore Grand Prix,2019-09-22,12:10:00,http://en.wikipedia.org/wiki/2019_Singapore_Grand_Prix,\N,\N,\N,\N,\N,\N,\N,\N,\N,\N
24502,1024,825,210,20,13,17,17,17,0.0,61,+1:26.522,7200189,58,1,1:42.301,178.168,1,2019,15,15,Singapore Grand Prix,2019-09-22,12:10:00,http://en.wikipedia.org/wiki/2019_Singapore_Grand_Prix,\N,\N,\N,\N,\N,\N,\N,\N,\N,\N
24504,1024,815,211,11,15,\N,R,19,0.0,42,\N,\N,15,17,1:46.683,170.850,5,2019,15,15,Singapore Grand Prix,2019-09-22,12:10:00,http://en.wikipedia.org/wiki/2019_Singapore_Grand_Prix,\N,\N,\N,\N,\N,\N,\N,\N,\N,\N
24505,1024,847,3,63,18,\N,R,20,0.0,34,\N,\N,29,20,1:48.285,168.322,4,2019,15,15,Singapore Grand Prix,2019-09-22,12:10:00,http://en.wikipedia.org/wiki/2019_Singapore_Grand_Prix,\N,\N,\N,\N,\N,\N,\N,\N,\N,\N
25726,1091,815,9,11,2,1,1,1,25.0,59,2:02:20.238,7340238,57,2,1:48.165,168.509,1,2022,17,15,Singapore Grand Prix,2022-10-02,12:00:00,http://en.wikipedia.org/wiki/2022_Singapore_Grand_Prix,2022-09-30,10:00:00,2022-09-30,13:00:00,2022-10-01,10:00:00,2022-10-01,13:00:00,\N,\N
25727,1091,844,6,16,1,2,2,2,18.0,59,+2.595,7342833,54,4,1:48.753,167.598,1,2022,17,15,Singapore Grand Prix,2022-10-02,12:00:00,http://en.wikipedia.org/wiki/2022_Singapore_Grand_Prix,2022-09-30,10:00:00,2022-09-30,13:00:00,2022-10-01,10:00:00,2022-10-01,13:00:00,\N,\N
25728,1091,832,6,55,4,3,3,3,15.0,59,+10.305,7350543,59,3,1:48.414,168.122,1,2022,17,15,Singapore Grand Prix,2022-10-02,12:00:00,http://en.wikipedia.org/wiki/2022_Singapore_Grand_Prix,2022-09-30,10:00:00,2022-09-30,13:00:00,2022-10-01,10:00:00,2022-10-01,13:00:00,\N,\N
25729,1091,846,1,4,6,4,4,4,12.0,59,+21.133,7361371,56,6,1:49.212,166.893,1,2022,17,15,Singapore Grand Prix,2022-10-02,12:00:00,http://en.wikipedia.org/wiki/2022_Singapore_Grand_Prix,2022-09-30,10:00:00,2022-09-30,13:00:00,2022-10-01,10:00:00,2022-10-01,13:00:00,\N,\N
25730,1091,817,1,3,16,5,5,5,10.0,59,+53.282,7393520,57,12,1:51.006,164.196,1,2022,17,15,Singapore Grand Prix,2022-10-02,12:00:00,http://en.wikipedia.org/wiki/2022_Singapore_Grand_Prix,2022-09-30,10:00:00,2022-09-30,13:00:00,2022-10-01,10:00:00,2022-10-01,13:00:00,\N,\N
25731,1091,840,117,18,11,6,6,6,8.0,59,+56.330,7396568,58,7,1:50.283,165.272,1,2022,17,15,Singapore Grand Prix,2022-10-02,12:00:00,http://en.wikipedia.org/wiki/2022_Singapore_Grand_Prix,2022-09-30,10:00:00,2022-09-30,13:00:00,2022-10-01,10:00:00,2022-10-01,13:00:00,\N,\N
25732,1091,830,9,1,8,7,7,7,6.0,59,+58.825,7399063,52,5,1:49.142,167.000,1,2022,17,15,Singapore Grand Prix,2022-10-02,12:00:00,http://en.wikipedia.org/wiki/2022_Singapore_Grand_Prix,2022-09-30,10:00:00,2022-09-30,13:00:00,2022-10-01,10:00:00,2022-10-01,13:00:00,\N,\N
25734,1091,1,131,44,3,9,9,9,2.0,59,+1:01.515,7401753,58,10,1:50.622,164.766,1,2022,17,15,Singapore Grand Prix,2022-10-02,12:00:00,http://en.wikipedia.org/wiki/2022_Singapore_Grand_Prix,2022-09-30,10:00:00,2022-09-30,13:00:00,2022-10-01,10:00:00,2022-10-01,13:00:00,\N,\N
25735,1091,842,213,10,7,10,10,10,1.0,59,+1:09.576,7409814,56,9,1:50.569,164.845,1,2022,17,15,Singapore Grand Prix,2022-10-02,12:00:00,http://en.wikipedia.org/wiki/2022_Singapore_Grand_Prix,2022-09-30,10:00:00,2022-09-30,13:00:00,2022-10-01,10:00:00,2022-10-01,13:00:00,\N,\N
25736,1091,822,51,77,15,11,11,11,0.0,59,+1:28.844,7429082,52,13,1:51.864,162.937,1,2022,17,15,Singapore Grand Prix,2022-10-02,12:00:00,http://en.wikipedia.org/wiki/2022_Singapore_Grand_Prix,2022-09-30,10:00:00,2022-09-30,13:00:00,2022-10-01,10:00:00,2022-10-01,13:00:00,\N,\N
25737,1091,825,210,20,9,12,12,12,0.0,59,+1:32.610,7432848,59,14,1:52.067,162.641,1,2022,17,15,Singapore Grand Prix,2022-10-02,12:00:00,http://en.wikipedia.org/wiki/2022_Singapore_Grand_Prix,2022-09-30,10:00:00,2022-09-30,13:00:00,2022-10-01,10:00:00,2022-10-01,13:00:00,\N,\N
25739,1091,847,131,63,0,14,14,14,0.0,57,\N,\N,54,1,1:46.458,171.211,12,2022,17,15,Singapore Grand Prix,2022-10-02,12:00:00,http://en.wikipedia.org/wiki/2022_Singapore_Grand_Prix,2022-09-30,10:00:00,2022-09-30,13:00:00,2022-10-01,10:00:00,2022-10-01,13:00:00,\N,\N
25740,1091,852,213,22,10,\N,R,15,0.0,34,\N,\N,32,15,1:58.716,153.532,3,2022,17,15,Singapore Grand Prix,2022-10-02,12:00:00,http://en.wikipedia.org/wiki/2022_Singapore_Grand_Prix,2022-09-30,10:00:00,2022-09-30,13:00:00,2022-10-01,10:00:00,2022-10-01,13:00:00,\N,\N
25741,1091,839,214,31,17,\N,R,16,0.0,26,\N,\N,24,17,2:01.105,150.504,5,2022,17,15,Singapore Grand Prix,2022-10-02,12:00:00,http://en.wikipedia.org/wiki/2022_Singapore_Grand_Prix,2022-09-30,10:00:00,2022-09-30,13:00:00,2022-10-01,10:00:00,2022-10-01,13:00:00,\N,\N
25742,1091,848,3,23,18,\N,R,17,0.0,25,\N,\N,24,18,2:02.121,149.251,130,2022,17,15,Singapore Grand Prix,2022-10-02,12:00:00,http://en.wikipedia.org/wiki/2022_Singapore_Grand_Prix,2022-09-30,10:00:00,2022-09-30,13:00:00,2022-10-01,10:00:00,2022-10-01,13:00:00,\N,\N
25743,1091,4,214,14,5,\N,R,18,0.0,20,\N,\N,19,16,2:00.463,151.306,5,2022,17,15,Singapore Grand Prix,2022-10-02,12:00:00,http://en.wikipedia.org/wiki/2022_Singapore_Grand_Prix,2022-09-30,10:00:00,2022-09-30,13:00:00,2022-10-01,10:00:00,2022-10-01,13:00:00,\N,\N
25745,1091,855,51,24,14,\N,R,20,0.0,6,\N,\N,5,19,2:05.556,145.168,4,2022,17,15,Singapore Grand Prix,2022-10-02,12:00:00,http://en.wikipedia.org/wiki/2022_Singapore_Grand_Prix,2022-09-30,10:00:00,2022-09-30,13:00:00,2022-10-01,10:00:00,2022-10-01,13:00:00,\N,\N
26126,1113,832,6,55,1,1,1,1,25.0,62,1:46:37.418,6397418,47,7,1:37.666,182.089,1,2023,15,15,Singapore Grand Prix,2023-09-17,12:00:00,https://en.wikipedia.org/wiki/2023_Singapore_Grand_Prix,2023-09-15,09:30:00,2023-09-15,13:00:00,2023-09-16,09:30:00,2023-09-16,13:00:00,\N,\N
26127,1113,846,1,4,4,2,2,2,18.0,62,+0.812,6398230,46,8,1:38.046,181.384,1,2023,15,15,Singapore Grand Prix,2023-09-17,12:00:00,https://en.wikipedia.org/wiki/2023_Singapore_Grand_Prix,2023-09-15,09:30:00,2023-09-15,13:00:00,2023-09-16,09:30:00,2023-09-16,13:00:00,\N,\N
26128,1113,1,131,44,5,3,3,3,16.0,62,+1.269,6398687,47,1,1:35.867,185.507,1,2023,15,15,Singapore Grand Prix,2023-09-17,12:00:00,https://en.wikipedia.org/wiki/2023_Singapore_Grand_Prix,2023-09-15,09:30:00,2023-09-15,13:00:00,2023-09-16,09:30:00,2023-09-16,13:00:00,\N,\N
26129,1113,844,6,16,3,4,4,4,12.0,62,+21.177,6418595,46,11,1:38.275,180.961,1,2023,15,15,Singapore Grand Prix,2023-09-17,12:00:00,https://en.wikipedia.org/wiki/2023_Singapore_Grand_Prix,2023-09-15,09:30:00,2023-09-15,13:00:00,2023-09-16,09:30:00,2023-09-16,13:00:00,\N,\N
26130,1113,830,9,1,11,5,5,5,10.0,62,+21.441,6418859,61,4,1:36.575,184.147,1,2023,15,15,Singapore Grand Prix,2023-09-17,12:00:00,https://en.wikipedia.org/wiki/2023_Singapore_Grand_Prix,2023-09-15,09:30:00,2023-09-15,13:00:00,2023-09-16,09:30:00,2023-09-16,13:00:00,\N,\N
26131,1113,842,214,10,12,6,6,6,8.0,62,+38.441,6435859,46,12,1:38.277,180.957,1,2023,15,15,Singapore Grand Prix,2023-09-17,12:00:00,https://en.wikipedia.org/wiki/2023_Singapore_Grand_Prix,2023-09-15,09:30:00,2023-09-15,13:00:00,2023-09-16,09:30:00,2023-09-16,13:00:00,\N,\N
26132,1113,857,1,81,17,7,7,7,6.0,62,+41.479,6438897,46,13,1:38.492,180.562,1,2023,15,15,Singapore Grand Prix,2023-09-17,12:00:00,https://en.wikipedia.org/wiki/2023_Singapore_Grand_Prix,2023-09-15,09:30:00,2023-09-15,13:00:00,2023-09-16,09:30:00,2023-09-16,13:00:00,\N,\N
26133,1113,815,9,11,13,8,8,8,4.0,62,+59.534,6456952,61,5,1:37.108,183.136,1,2023,15,15,Singapore Grand Prix,2023-09-17,12:00:00,https://en.wikipedia.org/wiki/2023_Singapore_Grand_Prix,2023-09-15,09:30:00,2023-09-15,13:00:00,2023-09-16,09:30:00,2023-09-16,13:00:00,\N,\N
26135,1113,825,210,20,6,10,10,10,1.0,62,+1:12.116,6469534,48,10,1:38.107,181.271,1,2023,15,15,Singapore Grand Prix,2023-09-17,12:00:00,https://en.wikipedia.org/wiki/2023_Singapore_Grand_Prix,2023-09-15,09:30:00,2023-09-15,13:00:00,2023-09-16,09:30:00,2023-09-16,13:00:00,\N,\N
26136,1113,848,3,23,14,11,11,11,0.0,62,+1:13.417,6470835,46,6,1:37.342,182.696,1,2023,15,15,Singapore Grand Prix,2023-09-17,12:00:00,https://en.wikipedia.org/wiki/2023_Singapore_Grand_Prix,2023-09-15,09:30:00,2023-09-15,13:00:00,2023-09-16,09:30:00,2023-09-16,13:00:00,\N,\N
26137,1113,855,51,24,0,12,12,12,0.0,62,+1:23.649,6481067,46,16,1:39.316,179.064,1,2023,15,15,Singapore Grand Prix,2023-09-17,12:00:00,https://en.wikipedia.org/wiki/2023_Singapore_Grand_Prix,2023-09-15,09:30:00,2023-09-15,13:00:00,2023-09-16,09:30:00,2023-09-16,13:00:00,\N,\N
26138,1113,807,210,27,9,13,13,13,0.0,62,+1:26.201,6483619,50,17,1:39.923,177.977,1,2023,15,15,Singapore Grand Prix,2023-09-17,12:00:00,https://en.wikipedia.org/wiki/2023_Singapore_Grand_Prix,2023-09-15,09:30:00,2023-09-15,13:00:00,2023-09-16,09:30:00,2023-09-16,13:00:00,\N,\N
26139,1113,858,3,2,18,14,14,14,0.0,62,+1:26.889,6484307,45,14,1:38.531,180.491,1,2023,15,15,Singapore Grand Prix,2023-09-17,12:00:00,https://en.wikipedia.org/wiki/2023_Singapore_Grand_Prix,2023-09-15,09:30:00,2023-09-15,13:00:00,2023-09-16,09:30:00,2023-09-16,13:00:00,\N,\N
26140,1113,4,117,14,7,15,15,15,0.0,62,+1:27.603,6485021,47,3,1:36.456,184.374,1,2023,15,15,Singapore Grand Prix,2023-09-17,12:00:00,https://en.wikipedia.org/wiki/2023_Singapore_Grand_Prix,2023-09-15,09:30:00,2023-09-15,13:00:00,2023-09-16,09:30:00,2023-09-16,13:00:00,\N,\N
26141,1113,847,131,63,2,16,16,16,0.0,61,\N,\N,46,2,1:36.273,184.724,3,2023,15,15,Singapore Grand Prix,2023-09-17,12:00:00,https://en.wikipedia.org/wiki/2023_Singapore_Grand_Prix,2023-09-15,09:30:00,2023-09-15,13:00:00,2023-09-16,09:30:00,2023-09-16,13:00:00,\N,\N
26142,1113,822,51,77,16,\N,R,17,0.0,51,\N,\N,51,9,1:38.075,181.330,39,2023,15,15,Singapore Grand Prix,2023-09-17,12:00:00,https://en.wikipedia.org/wiki/2023_Singapore_Grand_Prix,2023-09-15,09:30:00,2023-09-15,13:00:00,2023-09-16,09:30:00,2023-09-16,13:00:00,\N,\N
26143,1113,839,214,31,8,\N,R,18,0.0,42,\N,\N,33,18,1:39.930,177.964,6,2023,15,15,Singapore Grand Prix,2023-09-17,12:00:00,https://en.wikipedia.org/wiki/2023_Singapore_Grand_Prix,2023-09-15,09:30:00,2023-09-15,13:00:00,2023-09-16,09:30:00,2023-09-16,13:00:00,\N,\N
26144,1113,852,213,22,15,\N,R,19,0.0,0,\N,\N,\N,0,\N,\N,4,2023,15,15,Singapore Grand Prix,2023-09-17,12:00:00,https://en.wikipedia.org/wiki/2023_Singapore_Grand_Prix,2023-09-15,09:30:00,2023-09-15,13:00:00,2023-09-16,09:30:00,2023-09-16,13:00:00,\N,\N
26145,1113,840,117,18,0,\N,W,20,0.0,0,\N,\N,\N,0,\N,\N,54,2023,15,15,Singapore Grand Prix,2023-09-17,12:00:00,https://en.wikipedia.org/wiki/2023_Singapore_Grand_Prix,2023-09-15,09:30:00,2023-09-15,13:00:00,2023-09-16,09:30:00,2023-09-16,13:00:00,\N,\N
